{"posicion":{"x":-0.1999998837709427,"y":-2.8000001907348635,"z":0.0},"vida":20.0,"mana":12.0,"experiencia":4.0,"inventario":{"instanceID":0}}